Id;nom;prenom
1;nom1;prenom1
2;nom2;prenom2
3;nom3;prenom3
4;nom4;prenom4
5;nom5;prenom5
6;nom6;prenom6
7;nom7;prenom7
8;nom8;prenom8
9;nom9;prenom9
10;nom10;prenom10
11;nom11;prenom11
12;nom12;prenom12
13;nom13;prenom13
14;nom14;prenom14
15;nom15;prenom15
16;nom16;prenom16
17;nom17;prenom17
18;nom18;prenom18
19;nom19;prenom19
20;nom20;prenom20
21;nom21;prenom21
22;nom22;prenom22
23;nom23;prenom23
24;nom24;prenom24
25;nom25;prenom25
26;nom26;prenom26
27;nom27;prenom27
28;nom28;prenom28
29;nom29;prenom29
30;nom30;prenom30
